<DocumentElement>
  <Sheet1>
    <_x0031_._xFFFD__xFFFD__xFFFD__x0020_Supplier>Supplier ID</_x0031_._xFFFD__xFFFD__xFFFD__x0020_Supplier>
    <Column2>Supplier Name</Column2>
    <Column3>Location</Column3>
    <Column4>Material Supplied</Column4>
  </Sheet1>
  <Sheet1>
    <_x0031_._xFFFD__xFFFD__xFFFD__x0020_Supplier>201</_x0031_._xFFFD__xFFFD__xFFFD__x0020_Supplier>
    <Column2>GreenTech Industries</Column2>
    <Column3>Aurora</Column3>
    <Column4>Sustainable Composite Materials</Column4>
  </Sheet1>
  <Sheet1>
    <_x0031_._xFFFD__xFFFD__xFFFD__x0020_Supplier>202</_x0031_._xFFFD__xFFFD__xFFFD__x0020_Supplier>
    <Column2>EcoMaterial Suppliers Inc.</Column2>
    <Column3>Naperville</Column3>
    <Column4>Sustainable Composite Materials</Column4>
  </Sheet1>
  <Sheet1>
    <_x0031_._xFFFD__xFFFD__xFFFD__x0020_Supplier>301</_x0031_._xFFFD__xFFFD__xFFFD__x0020_Supplier>
    <Column2>Bamboo Innovations</Column2>
    <Column3>Peoria</Column3>
    <Column4>Eco-Friendly Wood Substitutes</Column4>
  </Sheet1>
  <Sheet1>
    <_x0031_._xFFFD__xFFFD__xFFFD__x0020_Supplier>302</_x0031_._xFFFD__xFFFD__xFFFD__x0020_Supplier>
    <Column2>TimberTech</Column2>
    <Column3>Rockford</Column3>
    <Column4>Eco-Friendly Wood Substitutes</Column4>
  </Sheet1>
  <Sheet1>
    <_x0031_._xFFFD__xFFFD__xFFFD__x0020_Supplier>401</_x0031_._xFFFD__xFFFD__xFFFD__x0020_Supplier>
    <Column2>GlassTech Solutions</Column2>
    <Column3>Lombard</Column3>
    <Column4>Recycled Glass and Steel Parts</Column4>
  </Sheet1>
  <Sheet1>
    <_x0031_._xFFFD__xFFFD__xFFFD__x0020_Supplier>402</_x0031_._xFFFD__xFFFD__xFFFD__x0020_Supplier>
    <Column2>SteelWorks Ltd.</Column2>
    <Column3>Sugargrove</Column3>
    <Column4>Recycled Glass and Steel Parts</Column4>
  </Sheet1>
</DocumentElement>