<DocumentElement>
  <Sheet1>
    <_x0031_._xFFFD__xFFFD__xFFFD__x0020_Animal_x0020_Shelter>Shelter ID</_x0031_._xFFFD__xFFFD__xFFFD__x0020_Animal_x0020_Shelter>
    <Column2>Shelter Type</Column2>
    <Column3>Description</Column3>
  </Sheet1>
  <Sheet1>
    <_x0031_._xFFFD__xFFFD__xFFFD__x0020_Animal_x0020_Shelter>1</_x0031_._xFFFD__xFFFD__xFFFD__x0020_Animal_x0020_Shelter>
    <Column2>Cozy Wildlife Shelter</Column2>
    <Column3>A cozy shelter for small animals.</Column3>
  </Sheet1>
  <Sheet1>
    <_x0031_._xFFFD__xFFFD__xFFFD__x0020_Animal_x0020_Shelter>2</_x0031_._xFFFD__xFFFD__xFFFD__x0020_Animal_x0020_Shelter>
    <Column2>Spacious Birdhouse</Column2>
    <Column3>A spacious shelter for birds.</Column3>
  </Sheet1>
  <Sheet1>
    <_x0031_._xFFFD__xFFFD__xFFFD__x0020_Animal_x0020_Shelter>3</_x0031_._xFFFD__xFFFD__xFFFD__x0020_Animal_x0020_Shelter>
    <Column2>Secluded Forest Dwelling</Column2>
    <Column3>A secluded shelter for forest creatures.</Column3>
  </Sheet1>
</DocumentElement>