<DocumentElement>
  <Sheet1>
    <_x0031_._xFFFD__xFFFD__xFFFD__x0020_Raw_x0020_Material>Material ID</_x0031_._xFFFD__xFFFD__xFFFD__x0020_Raw_x0020_Material>
    <Column2>Material Type</Column2>
    <Column3>Description </Column3>
  </Sheet1>
  <Sheet1>
    <_x0031_._xFFFD__xFFFD__xFFFD__x0020_Raw_x0020_Material>101</_x0031_._xFFFD__xFFFD__xFFFD__x0020_Raw_x0020_Material>
    <Column2>Recycled Plastic</Column2>
    <Column3>Durable and eco-friendly material.</Column3>
  </Sheet1>
  <Sheet1>
    <_x0031_._xFFFD__xFFFD__xFFFD__x0020_Raw_x0020_Material>102</_x0031_._xFFFD__xFFFD__xFFFD__x0020_Raw_x0020_Material>
    <Column2>Plant Fibers           </Column2>
    <Column3>Strong and resilient in various conditions.</Column3>
  </Sheet1>
</DocumentElement>