<DocumentElement>
  <Sheet1>
    <Location_x0020_ID>601</Location_x0020_ID>
    <Location_x0020_Name>Carbondale</Location_x0020_Name>
    <Description>Potential future location with significant wildlife conservation needs.</Description>
  </Sheet1>
  <Sheet1>
    <Location_x0020_ID>602</Location_x0020_ID>
    <Location_x0020_Name>Springfield</Location_x0020_Name>
    <Description>Potential future location with significant wildlife conservation needs.</Description>
  </Sheet1>
  <Sheet1>
    <Location_x0020_ID>603</Location_x0020_ID>
    <Location_x0020_Name>Champaign</Location_x0020_Name>
    <Description>Potential future location with significant wildlife conservation needs.</Description>
  </Sheet1>
</DocumentElement>