<DocumentElement>
  <Sheet1>
    <_x0031_._xFFFD__xFFFD__xFFFD__x0020_Office_x0020_Location>Location ID</_x0031_._xFFFD__xFFFD__xFFFD__x0020_Office_x0020_Location>
    <Column2>Location Name</Column2>
    <Column3>Description</Column3>
  </Sheet1>
  <Sheet1>
    <_x0031_._xFFFD__xFFFD__xFFFD__x0020_Office_x0020_Location>504</_x0031_._xFFFD__xFFFD__xFFFD__x0020_Office_x0020_Location>
    <Column2>Chicago</Column2>
    <Column3>Main office for administrative and design activities.</Column3>
  </Sheet1>
</DocumentElement>