<DocumentElement>
  <Sheet1>
    <_x0031_._xFFFD__xFFFD__xFFFD__x0020_Operating_x0020_Location>Location ID</_x0031_._xFFFD__xFFFD__xFFFD__x0020_Operating_x0020_Location>
    <Column2>Location Name</Column2>
    <Column3>Description</Column3>
  </Sheet1>
  <Sheet1>
    <_x0031_._xFFFD__xFFFD__xFFFD__x0020_Operating_x0020_Location>601</_x0031_._xFFFD__xFFFD__xFFFD__x0020_Operating_x0020_Location>
    <Column2>Carbondale</Column2>
    <Column3>Potential future location with significant wildlife conservation needs.</Column3>
  </Sheet1>
  <Sheet1>
    <_x0031_._xFFFD__xFFFD__xFFFD__x0020_Operating_x0020_Location>602</_x0031_._xFFFD__xFFFD__xFFFD__x0020_Operating_x0020_Location>
    <Column2>Springfield</Column2>
    <Column3>Potential future location with significant wildlife conservation needs.</Column3>
  </Sheet1>
  <Sheet1>
    <_x0031_._xFFFD__xFFFD__xFFFD__x0020_Operating_x0020_Location>603</_x0031_._xFFFD__xFFFD__xFFFD__x0020_Operating_x0020_Location>
    <Column2>Champaign</Column2>
    <Column3>Potential future location with significant wildlife conservation needs.</Column3>
  </Sheet1>
</DocumentElement>